2238,JFK,OAK
2238,JFK,OAK
2238,JFK,OAK
2238,JFK,OAK
2238,JFK,OAK
2238,JFK,OAK
2238,JFK,OAK
2238,JFK,OAK
2238,JFK,OAK
2238,JFK,OAK
2238,JFK,OAK
2238,JFK,OAK
2238,JFK,OAK
2238,JFK,OAK
2238,JFK,OAK
2238,JFK,OAK
2238,JFK,OAK
2238,JFK,OAK
2238,JFK,OAK
2238,JFK,OAK
2238,OAK,JFK
2238,OAK,JFK
2238,OAK,JFK
2238,OAK,JFK
2238,OAK,JFK
2238,OAK,JFK
2238,OAK,JFK
2238,OAK,JFK
2238,OAK,JFK
2238,OAK,JFK
2238,OAK,JFK
2238,OAK,JFK
2238,OAK,JFK
2238,OAK,JFK
2238,OAK,JFK
2238,OAK,JFK
2238,OAK,JFK
2238,OAK,JFK
2238,OAK,JFK
2238,OAK,JFK
2238,JFK,OAK
2238,JFK,OAK
2238,JFK,OAK
2238,JFK,OAK
2238,JFK,OAK
2238,JFK,OAK
2238,JFK,OAK
2238,JFK,OAK
2238,JFK,OAK
2238,JFK,OAK
2238,JFK,OAK
2238,JFK,OAK
2238,JFK,OAK
2238,JFK,OAK
2238,JFK,OAK
2238,JFK,OAK
2238,OAK,JFK
2238,OAK,JFK
2238,OAK,JFK
2238,OAK,JFK
2238,OAK,JFK
2238,OAK,JFK
2238,OAK,JFK
2238,OAK,JFK
2238,OAK,JFK
2238,OAK,JFK
2238,OAK,JFK
2238,OAK,JFK
2238,OAK,JFK
2238,OAK,JFK
2238,OAK,JFK
2238,OAK,JFK
2238,JFK,OAK
2238,JFK,OAK
2238,JFK,OAK
2238,JFK,OAK
2238,JFK,OAK
2238,JFK,OAK
2238,JFK,OAK
2238,JFK,OAK
2238,JFK,OAK
2238,JFK,OAK
2238,JFK,OAK
2238,JFK,OAK
2238,JFK,OAK
2238,JFK,OAK
2238,JFK,OAK
2238,JFK,OAK
2238,JFK,OAK
2238,JFK,OAK
2238,OAK,JFK
2238,OAK,JFK
2238,OAK,JFK
2238,OAK,JFK
2238,OAK,JFK
2238,OAK,JFK
2238,OAK,JFK
2238,OAK,JFK
2238,OAK,JFK
2238,OAK,JFK
2238,OAK,JFK
2238,OAK,JFK
2238,OAK,JFK
2238,OAK,JFK
2238,OAK,JFK
2238,OAK,JFK
2238,OAK,JFK
2238,OAK,JFK
